ID,NAME,USERNAME,EMAIL,WEBSITE
1,LEANNE GRAHAM,Bret,sincere@april.biz,hildegard.org
2,ERVIN HOWELL,Antonette,shanna@melissa.tv,anastasia.net
3,CLEMENTINE BAUCH,Samantha,nathan@yesenia.net,ramiro.info
4,PATRICIA LEBSACK,Karianne,julianne.oconner@kory.org,kale.biz
5,CHELSEY DIETRICH,Kamren,lucio_hettinger@annie.ca,demarco.info
6,MRS. DENNIS SCHULIST,Leopoldo_Corkery,karley_dach@jasper.info,ola.org
7,KURTIS WEISSNAT,Elwyn.Skiles,telly.hoeger@billy.biz,elvis.io
8,NICHOLAS RUNOLFSDOTTIR V,Maxime_Nienow,sherwood@rosamond.me,jacynthe.com
9,GLENNA REICHERT,Delphine,chaim_mcdermott@dana.io,conrad.com
10,CLEMENTINA DUBUQUE,Moriah.Stanton,rey.padberg@karina.biz,ambrose.net
